user_id,first_name,last_name,email,city,state,date_joined
1,Megan,Chang,greenwilliam@yahoo.com,Tammystad,Pennsylvania,2019-12-13
2,Rebecca,Wagner,katelynmontgomery@yahoo.com,West Corey,California,2019-12-16
3,Melissa,Rivera,ryan93@woods.net,North Jenniferfurt,Virginia,2019-11-17
4,Kristen,Garrett,john51@gmail.com,East Linda,Georgia,2019-11-08
5,Amy,Davis,jrodriguez@yahoo.com,New Marvinside,Indiana,2019-11-07
6,Carrie,Matthews,carlsonpaul@hotmail.com,West Ivan,Idaho,2019-01-13
7,Chloe,Douglas,daviskatherine@gmail.com,Port Christopherside,Utah,2019-06-01
8,Mary,Warren,pattylawrence@riley-hayes.com,West Chloefort,Pennsylvania,2019-09-02
9,Matthew,Lee,dave35@cook.com,Port Heidi,Arizona,2019-11-14
10,Audrey,Kent,martinezjacob@wilson.com,New Andrewburgh,Virginia,2019-02-18
11,Timothy,Acosta,stephenschristine@jones-jones.com,Ryanton,North Carolina,2019-07-01
12,Benjamin,Garcia,jorgestrong@yahoo.com,Lake Emily,Wyoming,2019-01-23
13,Kristina,Moore,alyssa19@wade-smith.biz,Deborahfurt,Texas,2019-04-08
14,Eric,Vazquez,rogersbrandon@yahoo.com,East Kathleen,New Mexico,2019-05-17
15,Chelsea,Nunez,paul61@wheeler.com,East Jeffrey,New Hampshire,2019-05-28
16,Jennifer,Nunez,moralesjacqueline@yahoo.com,East Seanview,Vermont,2019-03-03
17,Sean,Dyer,simpsonlarry@williams-carson.biz,New Yvonne,South Dakota,2019-02-02
18,Mary,Anderson,aherring@smith-smith.com,East Davidborough,Maryland,2019-04-19
19,Haley,White,bburton@yahoo.com,Marshville,Kentucky,2019-02-21
20,Desiree,Roth,wigginsjoshua@gmail.com,North Jamieview,Oklahoma,2019-05-03
21,Stacey,Mays,djoseph@graham.biz,Alanberg,Louisiana,2019-05-10
22,Matthew,Richardson,kimberly00@martin-holden.com,Ralphside,Florida,2019-04-24
23,Danny,Cross,hayden81@powell-murphy.biz,North Annfort,New Mexico,2019-05-11
24,Mary,Cherry,mendozaholly@yahoo.com,West Matthewberg,Hawaii,2019-09-01
25,Anne,Drake,mortonjames@brown.com,Hawkinsport,New Hampshire,2019-12-24
26,Tracy,Richards,omiller@richards-jackson.com,Dannytown,North Dakota,2019-06-25
27,Karen,Harris,pscott@gmail.com,New Dustin,Illinois,2019-06-28
28,Nicholas,Payne,hintontonya@elliott.biz,Sheltonmouth,New York,2019-07-13
29,Cynthia,Baxter,petersonsydney@meyers-johnson.com,Carrieberg,Missouri,2019-08-15
30,Kelly,Mccarthy,marshzachary@gmail.com,East Davidport,Alabama,2019-10-22
31,Megan,Rivera,mistymurray@wagner-santana.net,New Christopherhaven,Wisconsin,2019-08-22
32,Vicki,Burgess,amanda96@bruce-compton.org,Port Michelle,Alaska,2019-09-13
33,Nicole,Yang,marvin74@yahoo.com,Cruzfurt,Arkansas,2019-03-05
34,Danielle,Anderson,brian07@yahoo.com,South Pamela,Rhode Island,2019-10-06
35,Christopher,Hale,djohnson@yahoo.com,Williamsfort,Wyoming,2019-02-28
36,Andrew,George,daniel85@reyes.com,New Jaclynmouth,Tennessee,2019-02-18
37,Tara,Reeves,susanhughes@yahoo.com,New Michelleborough,Arizona,2019-10-31
38,Philip,Watson,okelly@huber.info,Rachelhaven,Texas,2019-08-10
39,Ashley,Robinson,hhunter@simmons.biz,North Robertville,Nebraska,2019-10-28
40,Eric,Blevins,bparks@yahoo.com,Jenniferland,Minnesota,2019-01-28
41,David,Holt,gregory35@gmail.com,East Aaron,Texas,2019-09-19
42,Jessica,Santana,mike09@villarreal.info,South Maxwellview,Florida,2019-01-11
43,Tammy,Cox,kenneth85@gmail.com,North Amandaport,Hawaii,2019-05-27
44,Rachael,Bautista,william32@watson-alvarado.com,South Christianland,Florida,2019-06-13
45,Kevin,Butler,wevans@wright.com,South Rickychester,Washington,2019-12-17
46,Malik,Harris,ldavis@gmail.com,Danielberg,Vermont,2019-06-23
47,Sarah,Lopez,dthompson@yahoo.com,West Steven,South Dakota,2019-02-03
48,Timothy,Harris,amontgomery@evans.com,South Jasmine,New Mexico,2019-02-05
49,Erika,Wolf,bramirez@nelson.com,West Raymondshire,Virginia,2019-06-03
50,Sean,Francis,monica39@gmail.com,North Lauraport,Ohio,2019-05-13
